Item_Type,Total_Units_Sold,Total_Revenue
Household,2098613,282678.21
Office Supplies,2106278,272205.78
Cosmetics,2136641,184935.6
Meat,1901197,168334.11
Baby Food,2274921,113599.6
Cereal,1945968,78988.79999999999
Vegetables,2086749,63010.54
Snacks,1915528,60574.26
Clothes,1975441,42072.8
Personal Care,2126592,33754.490000000005
Beverages,2204951,21162.7
Fruits,2341083,4170.51
Unknown,39529,3240.42
